{
    "name": "root",
    "gauges": {
        "MyBehavior.Policy.Entropy.mean": {
            "value": 2.654695987701416,
            "min": 2.486128091812134,
            "max": 3.7836055755615234,
            "count": 200
        },
        "MyBehavior.Policy.Entropy.sum": {
            "value": 13278.7890625,
            "min": 12510.1962890625,
            "max": 19224.06640625,
            "count": 200
        },
        "MyBehavior.Step.mean": {
            "value": 999941.0,
            "min": 4943.0,
            "max": 999941.0,
            "count": 200
        },
        "MyBehavior.Step.sum": {
            "value": 999941.0,
            "min": 4943.0,
            "max": 999941.0,
            "count": 200
        },
        "MyBehavior.Policy.ExtrinsicValueEstimate.mean": {
            "value": -0.05347120389342308,
            "min": -4.840394973754883,
            "max": 0.38839399814605713,
            "count": 200
        },
        "MyBehavior.Policy.ExtrinsicValueEstimate.sum": {
            "value": -4.438109874725342,
            "min": -435.6355285644531,
            "max": 34.178672790527344,
            "count": 200
        },
        "MyBehavior.Environment.EpisodeLength.mean": {
            "value": 249.0,
            "min": 89.62962962962963,
            "max": 320.25,
            "count": 200
        },
        "MyBehavior.Environment.EpisodeLength.sum": {
            "value": 2241.0,
            "min": 2230.0,
            "max": 2788.0,
            "count": 200
        },
        "MyBehavior.Environment.CumulativeReward.mean": {
            "value": 0.4649999842047691,
            "min": -1.6974999329540879,
            "max": 2.079999953289242,
            "count": 200
        },
        "MyBehavior.Environment.CumulativeReward.sum": {
            "value": 4.649999842047691,
            "min": -18.409999595955014,
            "max": 35.35999920591712,
            "count": 200
        },
        "MyBehavior.Policy.ExtrinsicReward.mean": {
            "value": 0.4649999842047691,
            "min": -1.6974999329540879,
            "max": 2.079999953289242,
            "count": 200
        },
        "MyBehavior.Policy.ExtrinsicReward.sum": {
            "value": 4.649999842047691,
            "min": -18.409999595955014,
            "max": 35.35999920591712,
            "count": 200
        },
        "MyBehavior.Losses.PolicyLoss.mean": {
            "value": 0.0939793403437458,
            "min": 0.08656678619824257,
            "max": 0.11445659056537098,
            "count": 200
        },
        "MyBehavior.Losses.PolicyLoss.sum": {
            "value": 0.1879586806874916,
            "min": 0.17313357239648514,
            "max": 0.34336977169611294,
            "count": 200
        },
        "MyBehavior.Losses.ValueLoss.mean": {
            "value": 0.07276952232738645,
            "min": 0.04691379325231537,
            "max": 13.06403265024225,
            "count": 200
        },
        "MyBehavior.Losses.ValueLoss.sum": {
            "value": 0.1455390446547729,
            "min": 0.09382758650463074,
            "max": 26.1280653004845,
            "count": 200
        },
        "MyBehavior.Policy.LearningRate.mean": {
            "value": 7.988497337500036e-07,
            "min": 7.988497337500036e-07,
            "max": 0.0002990745003085,
            "count": 200
        },
        "MyBehavior.Policy.LearningRate.sum": {
            "value": 1.5976994675000072e-06,
            "min": 1.5976994675000072e-06,
            "max": 0.0008888163037278999,
            "count": 200
        },
        "MyBehavior.Policy.Epsilon.mean": {
            "value": 0.10026625,
            "min": 0.10026625,
            "max": 0.19969150000000002,
            "count": 200
        },
        "MyBehavior.Policy.Epsilon.sum": {
            "value": 0.2005325,
            "min": 0.2005325,
            "max": 0.5962721000000001,
            "count": 200
        },
        "MyBehavior.Policy.Beta.mean": {
            "value": 2.3285875000000063e-05,
            "min": 2.3285875000000063e-05,
            "max": 0.0049846058500000005,
            "count": 200
        },
        "MyBehavior.Policy.Beta.sum": {
            "value": 4.6571750000000125e-05,
            "min": 4.6571750000000125e-05,
            "max": 0.014813977790000002,
            "count": 200
        },
        "MyBehavior.IsTraining.mean": {
            "value": 1.0,
            "min": 1.0,
            "max": 1.0,
            "count": 200
        },
        "MyBehavior.IsTraining.sum": {
            "value": 1.0,
            "min": 1.0,
            "max": 1.0,
            "count": 200
        }
    },
    "metadata": {
        "timer_format_version": "0.1.0",
        "start_time_seconds": "1777229469",
        "python_version": "3.10.2 (tags/v3.10.2:a58ebcc, Jan 17 2022, 14:12:15) [MSC v.1929 64 bit (AMD64)]",
        "command_line_arguments": "C:\\Users\\Mi Pc\\AppData\\Roaming\\Python\\Python310\\Scripts\\mlagents-learn fighter.yaml --run-id=Luchador01",
        "mlagents_version": "1.1.0",
        "mlagents_envs_version": "1.1.0",
        "communication_protocol_version": "1.5.0",
        "pytorch_version": "2.2.2+cpu",
        "numpy_version": "1.23.5",
        "end_time_seconds": "1777233238"
    },
    "total": 3769.298682100023,
    "count": 1,
    "self": 0.016789100016467273,
    "children": {
        "run_training.setup": {
            "total": 0.11717960005626082,
            "count": 1,
            "self": 0.11717960005626082
        },
        "TrainerController.start_learning": {
            "total": 3769.1647133999504,
            "count": 1,
            "self": 9.54054269567132,
            "children": {
                "TrainerController._reset_env": {
                    "total": 39.9837181000039,
                    "count": 1,
                    "self": 39.9837181000039
                },
                "TrainerController.advance": {
                    "total": 3719.54407360428,
                    "count": 502594,
                    "self": 9.207828336162493,
                    "children": {
                        "env_step": {
                            "total": 3203.7036786286626,
                            "count": 502594,
                            "self": 2364.6917658817256,
                            "children": {
                                "SubprocessEnvManager._take_step": {
                                    "total": 832.4973403826589,
                                    "count": 502594,
                                    "self": 26.70649966271594,
                                    "children": {
                                        "TorchPolicy.evaluate": {
                                            "total": 805.7908407199429,
                                            "count": 500032,
                                            "self": 805.7908407199429
                                        }
                                    }
                                },
                                "workers": {
                                    "total": 6.514572364278138,
                                    "count": 502594,
                                    "self": 0.0,
                                    "children": {
                                        "worker_root": {
                                            "total": 3715.9827698508743,
                                            "count": 502594,
                                            "is_parallel": true,
                                            "self": 1870.0364846701268,
                                            "children": {
                                                "steps_from_proto": {
                                                    "total": 0.0003682998940348625,
                                                    "count": 1,
                                                    "is_parallel": true,